#Front	Back
#кыскача татарча-русча фразеологик сүзлекчә
аваз бирү	подать голос
аваз салу	бросить клич
авыз ачмау	и рта не раскрывать
авыз ачыш йөрү	ходить, разинув рот
авыз ачыш (күтәреп)	калу остаться с носом
авыз итү	попробовать на вкус; отведать
авыз йому	прикусить язык
авыз суын агызу	слюики текут
авыз турсайту	надуть губы
авыз тутырып сөйләү	говорить в полный голос
авыз чайкау	разводить сплетни
авыз эчендә ботка пешерү	варить во рту кашу
авызга алмаслык	и в рот не возьмешь
авызга карату	овладеть вниманием
авызга су кабу	набрать в рот воды
авызга тел сыймау	не уметь язык держать за зубами; язык как помело
авызы колакка җитү	рот до ушей
авызын ачса, үпкәсе күренә	в чем только душа держится; кожа да кости
авызын каплау	заткнуть рот
авызыннан тартып алу	вырвать
авызыннан өзү	делиться последним
авызыңнан җил алсын	типун тебе на язык
авыр сүз	тяжелое слово
авыр сулау	тяжело вздохнуть
авыр туфрагы җиңел булсын	пусть земля будет пухом
авырга алу	воспринимать тяжело
авырткан җиргә кагылу	задеть за живое
агач авыз	и двух слов связать не может
агач атка атландыру	посадить в калошу
ай күрде, кояш алды	как ветром сдуло; только его и видели
акка кара белән язылган	написано черным по белому
акны карадан аеру	отличить белое от черного
акыл бирү	учить уму-разуму
акыл җую	1) ум за разум зашел; 2) потерять сознание
акыл сату	читать мораль
акылга килү	взяться за ум
акылга сай	слаб умом
акылга утыру	браться за ум
акылдан шашу	сойти с ума
акылы кыска	ум короток
алга сөрү	продвигать вперед
алдыннан арты яхшы	скатертью дорога
алланың кашка тәкәсе	божий избранник
алтын куллы	золотые руки; мастер на все руки
ант эчү	дать клятву
арага шайтан керү	кошка пробежала
араларына кыл да сыймый	и водой не разольешь
аркага хәнҗәр кадау	ударить ножом в спину
аркага ышыклану	спрятаться за чужую спину
аркылы төшү	переступить дорогу
аркылыны буйга салмау	палец о палец не ударить
арт аякта тору	стоять на задних лапках
арыш боламыгы	каша-малаша
ата-бабадан килгән	идущий (унаследованный) от предков
аты-чабы чыгу	приобрести дурную славу
ач күз	алчный; жадина
ачу басылу	унять гнев
ачу кайнау	кипит злость
ачу тоту	иметь зуб
ачы тәҗрибә	горький опыт
ачы тел	злой язык
ачы тир	соленый пот
ачык авыз	раззява
ачык йөзле	приветливый
аяз көнне яшен сугу	как гром в ясную погоду
аяк басмаган	нога не ступала
аяк өстендә	на ногах
аяк сузу	протянуть ноги
аяк тартмау	ноги не идут
аяк терәп	упираясь ногами и руками; упрямо
аяк чалу	подставлять ножку
аяк ялы	мзда
аягы(м) җиңел	легкая нога (у меня, у него, у нее)
аягы(м) җиңел булсын	с легкой ноги
аякка басу	встать на ноги
аякка егылу	кланяться в ноги
аяктан егу	свалить с ног
аһ ору	ахи и охи
әле алай, әле болай	то да се
әлифне таяк дип тә белмәү	ни бельмеса не знает
әчесен-төчесен тату	хлебнуть лиха
базары төшү	паденне акций
бакчага таш ату	бросить камень в чей-то огород
балта асарлык	хоть топор вешай
бал-май эчендә йөзү	кататься как сыр в масле
бармак аша карау	смотреть сквозь пальцы
бармак белән төртү	тыкать пальцем
бармак янау	грозить пальцсм
бармактан кысып чыгару	высосать из пальца
бармагы үз ягына кәкре	загребать под себя
басым ясау	делать ударение
басып алу	завладеть
баш алып качу	унести голову
баш әйләнү	голова кружится
баш белән җавап бирү	отвечать головой
баш белән уйлау	думать головой
баш бирмәү	не давать себя в обиду
баш булу	верховодить; быть главным (вожаком)
баш җитмәү	(моей, его) головы не хватит
баш җитү	дойти умом
баш исән булса	пока голова на плечах
баш катыру	морочить голову
баш кую	сложить голову
баш күтәрми эшләү	не разгибая спины; работать не покладая рук
баш күтәрү	поднять восстание
баш өсте	к вашим услугам
баш салындыру	(сидеть) с поникшей головой
баш тарту	дать отказ
баш чайкау	кивать головой
баш чатнау	ломит голову
башка китереп суккандай	(как) обуком по голове
башка китү	ударить в голову
башка сыйдыра алмау	не укладываться в голове
башлы-күзле булу	жениться
башны кая куярга белмәү	не знать куда себя девать
башны ташка ору	хоть головой об стеику; хвататься за голову
башны юләргә салу	прикидываться дурачком
баштанаяк (чыланган)	(мокрый) с головы до иог
башы-аягы белән	с руками, с ногами
баш-күз алу	прийти в себя
башы йомры	голова варит
башы күккә күтәрелү	нос кверху
башы тубал булу	голова кругом идет
башы түшәмгә тию	рот до ушей
бер алдына, бер артына төшү	лебезить
бер аягы җирдә, бер аягы гүрдә	стоять одной ногой в могиле; глядеть в могилу
бер балык башын чәйнәү	сказка про белого бычка
бер дигән	отличный
бер канат сыну	подрубить крылья
бер кашык су белән	йотарлык краса ненаглядная
бер сүзгә килү	найти общий язык
бер табактан ашау	есть из одиой тарелки
бер тәртәгә җигелү	быть в одной упряжке
бер түбә астында яшәү	жить под одной крышей
бер урында таптану	топтаться на одном месте
берьюлы ике куянны тоту	убить за раз двух зайцев
беткән баш	пропащая голова
беткән баш беткән	двум смертям не бывать
бил бөгү	гнуть спину
биткә кызыллык китерү	заставить покраснеть
биш бармак кебек белү	знать как свои пять пальцев
биш куллап	обеими руками
бишенче көпчәк	пятое колесо в телеге
биш тиенлек куян, ун тиенлек зыян	игра не стоит свеч; овчинка выделки не стоит
борчак пешми	каши не сваришь, не в ладах
борын аша сөйләү	бубнить под нос
борын башына	иа каждого
борын күтәрү	задрать нос кверху
борын төбендә	под иосом
борын тыгу	совать нос
борынга чиртү	обставить кого-то; утереть нос
бот күтәреп яту	считать мух
буа буарлык	хоть пруд пруди
бугазга бугаз килү	хвататься за горло
бугазга ябышу	взять за глотку
булды ни, булмады ни	все едино
буран туздыру	метать громы и молиии
бурычка бату	влезать в долги
бусагага аяк басмаска	не переступать порога
бәйдән ычкыну	сорваться с цепи
бәладән баш	аяк от греха подальше
бүрәнә аркылы бүре күрү	у страха глаза велики
бүресе улау	подфартить
ваз кичү	дать отказ; отречься, отказаться
вак җанлы	мелкая душонка
вакытны ычкындырмау	не упускать момента
вәгазь сөйләү	читать нотацию
газап чигү	терпеть муки
гайрәтен чигерү	отбить охоту
гәп сату	разглагольствовать
гөнаһ шомлыгы	что за напасть такая!
гыйбрәт алу	извлечь урок
дан казану	снискать славу
дан сату	позорить перед миром; ославить
дан тоту	быть знаменитым
дәрт почмаклану	быть довольным
дәртен сұндерү	отбить охоту
дилбегә буе (сүз)	говорить пространно (длинно)
дилбегәне бушату	распускать вожжи
дилбегәне үз кулына алу	прибрать вожжи к рукам
диңгез тубыктан	море по колено
дөнья бәясе	нет цены
дөнья бетереп (эзләү)	искать по всему свету
дөнья куптару	поднять переполох
дөнья кую	покинуть этот мир
дөньяга килү	появиться на свет
дөньядан китү	переселиться в мир иной
дөньяны дер селкетеп тору	сотрясать мир
дөньяның ачысын-төчесен тату	повидать многое
дуга белән печән чабу	говорить чушь; попасть пальцем в небо
дүрт аяклап	на четвереньках
дүрт куллап	руками-ногами, обеими руками
дүрт күз белән (көтү)	высмотреть все глаза
дүрт ягың кыйбла	катись на все четыре стороны; скатертью дорожка
егылып көлү	смеяться до упаду
егып салу	одержать верх
елан мөгезе генә юк	чего только нет
ерак китү	далеко пойти
җан ату	жаждать
җан ачуы белән	яростно
җан дусты	закадычный друг
җан кисәгем	душенька
җан көеге	обуза, бремя
җан өрү	вдохнуть
җан сату	кривить душой
җан тирләре чыгу	проливать пот
җан тыну	душа успокаивается
җанга тию	надоедать
җанны ашау	терзать
җаны теләгән елан ите ашаган	охота пуще неволи
җаны уч төбендә генә	еле-еле душа в теле
җаның ни тели	что душа пожелает
жәһәннәм артына	к черту на рога
жәһәннәмгә җибәрү	отправить на тот свет
җәһәннәмгә оҹу	провалиться в тартарары
җен ачуы чыгу	приходить в ярость
җене сөймәү	душа не лежит
җенен чыгару	разозлить
җеп очын яшерү	коицы в воду
җил алгандай	как ветром сдуло
җил искән якка аву	держать нос по ветру
җил куу	шляться без дела прахом
җилләр искән	и след простыл
жилләр уйный	совершенно пустой
җилкәсен кимерү	сидеть иа горбу (кого-то)
җилкәсендә тату	испытать на своем горбу
җиң сызганып	засучив рукава
җиңел акыллы	легкомыслениый
жиңел аягың белән	с легкой ноги
җиңел кулдан	с легкой руки
җиңел сөякле	легкий на подъем
җиңел холыклы	ветренный
җир белән күк аермасы	как небо от земли
җир белән тигезләү	сравнять с землей
җир җимертеп йөрү	быть в расцвете сил, здоровым
җир йоткан кебек	как сквозь землю провалился
җир йөзе	белый свет
җир йөзеннән себереп түгү	стереть с лица земли
җир куенына керү	сойти в могилу
җир тишегенә керердәй булдым	готов был провалиться
җир тишегендә	у черта на куличках
җүләр сату	валять дурака
җылы урын	тепленькое местечко
җыры җырланган	его песенка спета
зар елау	горько плакать
зиһене таралу	стать рассеянным
зурга китү	принять серьезный оборот
зурдан кубу	хватить через край
иблис токымы	чертово отродье
ике арада бетерү	остаться между нами
ике атлап, бер сикерү	одна нога здесь, другая там
ике аягын бер кунычка тыгу	согнуть в бараний рог
ике аякның берсен дә атламау	ноги (моей) не будет
ике бозауга кибәк аера белмәү	глуп как пробка
ике куллап	обеими руками
ике кулсыз итү	оставить (как) без рук
ике күзе дүрт була	глаза на лоб полезли
ике сөйләшмәү	сказано-сделано
ике сүз белән	в двух словах
ике сүзнең берендә	то и дело
ике ут арасында	меж двух огней
ике якка да юк	ни туда, ни сюда
ике ятып бер төшкә керми	не горит да не болит
иләк белән су ташу	носить воду решетом
иләк бит	круглое лицо
иләк сораганга ҹиләк бирү	дурака пошли за ложкой, а он тащит кошку
инә белән кое казу	каторжная работа
инә күзеннән үткәрү	провести через игольное ушко; разбирать по косточкам; тройная проверка
инә очҹы кадәр дә	ни на волос
инә өстендә утыру	(сидеть) как на иголках
инә түгел	не нголка
инәдән җепкә киендерү	одеть с нголочки
инәдән чыккан гына	с иголочки
инәсеннән җебенә кадәр	до мельчайших подробностей
ипи шүрлегенә менеп төшү	заехать по морде
ирен турсайту	иадуть губы
ис китү	удивляться
исәбе дә, хисабы да юк	видимо-невидимо
исе дә китми (исендә юк)	аи в ус ие дует
иске авыздан яңа сүз	вот тебе и на!
ит югында үпкә дә тансык	на безрыбье и рак рыба
итәк астыннан	из-под полы
итәк җыю	быть осторожным
итәк кисеп, җиң ямау	тришкин кафтан
иштең ишәк чумарын	ну и наделал делов
йодрык ашау	отведать тумаков
йодрыкка ирек бирү	дать волю кулакам
йолдызлары туры килү	сойтись характерами
йомгакны чуалту	запутать дело
йомгакның очын югалту	прятать концы в воду
йомры баш	голова круглая
йомшак җәеп, катыга утырту	мягко стелет - жестко спать
йон уңаена сыйпау	гладить по шерсти
йөз сиксән градуска борылу	повернуться на сто восемьдесят градусов
йөзгә бәреп әйтү	говорить в лицо
йөзгә берәү тулмаган	не хватает винтиков
йөзе белән	сторицей
йөзен кызарту	вогнать в краску
йөрәгенә керү	влезать в душу
йөрәк алыну	душа ушла в пятки
йөрәк җитмәү	духу ие хватает
йөрәк итен ашау	вымотать всю душу
йөрәк кылына чиртү	задеть сердечные струны
йөрәктә эз калдыру	оставить след в сердце
кабак (кибәк) баш	медный лоб; мякинная голова
кабыргасы белән кую	поставить ребром
кабыргасын санау	пересчитать ребра
кадалып киткере	пропади ты пропадом
каләм тибрәтү	пробовать перо
калын кесәле	толстосум
канат астына алу	взять под свое крылышко
канат каеру	обломать {подрезать) крылья
канга сеңү	быть в крови
канга тоз салу	травить душу
кара коелу	почернеть лицом
кара мәче ұтү	черная кошка пробежала
қарар күзгә	на вид
кармак салу	делать попытку
кәеф бозылу	испортить настроение
керфек тә какмаўӱ	глаз не сомкнуть
кесәгә сугу	бить по карману
кеше алдында	на людях
кеше җилкәсендә яшәү	жить за чужои счет
кеше итү	сделать человеком
киләп сарып йөрү	гонять лодыря
киң күңелле	любвеобильный
кирәкне бирү	воздать по заслугам
кире як белән тору	встать с левой ноги
киртәгә кертү	привести в норму
киртәдән чыгу	выходить из рамок
коеш куйган	то, что надо; точь-в-точь
койрык болгау	вилять хвостом
койрыкта сөйрәлү	плестись в хвосте
колак итен ашау (кимерү)	плешь проесть; прожжужать все уши
колак кагу	лишиться
колакка да элмәү	и ухом не вести
колаклар үрә тору	навострить уши
коры калу	остаться с носом
коры кул белән	с пустыми руками
коры тоту	не медлить
кот чыкты, кот алынды	обуял страх
көн кадагына (сугу)	на злобу дня
көн кебек ачык	ясно как день
көнне төнгә ялгап	от зари до зари
көтә-көтә көтек булу	высмотреть все глаза
кул бармый	душа не лежит
кулга кул тотынып	рука об руку
кулы кыска	руки коротки
кулы озын	1) нечист на руку; 2) распускает руки
кулы уйнаю	1) иметь отношения; 2) споро работать
кулын сорау	просить руки
куян (тавык) йөрәк	заячья душа
күз алдында тоту	иметь в виду
күз алмау	не сводить глаз
күз ачып йомганчы	в мгновение ока
күз буяу	втирать очки
күз дә йоммыйча	не моргнув глазом
күз карасы кебек саклау	беречь как зеницу ока
күз тию	сглазить
күз тоту (төшгү)	положить глаз
күзгә бәрелү	бросаться в глаза
күзен кан баскан	глаза кровью налились
күзләрен тозландырып	с вожделением
күзне текәү	впереться взглядом
күзе генә утырып калган	одни глаза остались
күзе шар булу	глаза стали круглые
күзгә ташлану	броситься в глаза
күзгә төтен җибәрү	пускать пыль в глаза
күздән ут күренде	искры посыпались из глаз
күз-колак булу	держать под наблюдением
күк белән җир арасында	между небом и землей
күк терәве	верста коломенская
күккә очыру	взлететь в воздух
күкләргә (күтәрү) чөю	возвести до небес
күкрәк сугу	бить себя в грудь
күктән төшү	свалиться с неба
күләгәдә калу	остаться в тени
күңел йомшару	расчувствоваться
күңел калу	таить обиду
күңел кырылу	испортить настроение
күңел төшү	положить глаз
күңел түреннән	из глубины души
күңелдә кер саклау	держать камень за пазухой
күңелдә төен калды	остался осадок в душе
күңелен күрү	угодить
күңелне тырный	скребет на душе
күсәк күтәрү	размахивать дубиной
кызыл әтәч җибәрү	пустить красного петуха
кызыл җеп булып сузылу	проходить красной нитью
кызыл кар яугач	когда на горе рак свистнет; после дождичка в четверг
кыл өстендә тору	на краю пропасти; на острии ножа
кырык кат	сто раз
кырыкка ярылу	разрываться иа части
лаеш шулпасы эчү	хлебнуть лиха
лаф ору	говорить попусту
ләм-мим авыз ачмау	нем как рыба
ләх булырга	быть пьяным вдрызг
май кап!	нн гугу!
майлагандай булу	стать шелковым
майланган кебек	как по маслу
малай актыгы	мальчишка, сопляк
маңгаена тай типмәгән	в своем уме
маңгай белән таш тишү	расшибиться в лепешку
маңгай ору	бить челом
маңгай тире белән	в поте лица
махы бирмәү	не дать маху
мач килү	подмастить
мәсьәләне кабыргасы белән кую	поставить вопрос ребром
менә дигән	отличный
менә сиңа кирәк булса	вот тебе на
мең төрле (уй, сорау)	самые разные
ми кату	мозги набекрень
мигә сеңеп калу	врезаться в память
миенә ярыш салсаң	да хоть кол на голове теши
морҗадан очу	обанкротиться, вылететь в трубу
мөгез чыгару	выдумывать небылицы
мөгезсез сыер кебек	как безрогая корова
муенга камыт кию	хомут на шею
муенга асылыну	вешаться на шею
муеннан чуму (бурычка)	быть по шею в долгах
муены астына килгере	пропади он пропадом
муенын бору	свернуть шею
мыек астыннан көлү	усмехнуться
мыекка чорнау	намотать на ус
мыж килү	кишмя кишит
нәләт төшсен	будь проклят
нәфрәт уты белән янау	гореть ненавистью
ни аллага, ни муллага	ни уму ни сердцу; толку как от козла молока
нинди корт чаккан	какая муха укусила
ничек итте алай	с грехом попалам
ничек кенә әле	да еще как
ничек кенә булса	да как угодно, как бы то ни было
нужа печән ашата	голод не тетка
оеткы салу	подстрекать
озын колактан	по беспроволочному телефону
озын куллы	нечист на руку
озын сүзнең кыскасы	короче говоря
озын телләр	злые языки
озын телле	острый на язык
очлап бетерү	заканчивать
очлап чыгу	закруглять
очлы борын	чувствительный к запаху
очлы күз	остроглазый
очына чыгу	дойти до сути
оя кору	обзавестись семьей
оясын күл итү	разрушить до основания
оятка калу	опозориться
өзелгән дә төшкән	точь-в-точь, как две капли воды
өмет баглау	питать надежду
өмет өзелү	крушение надежд
өрсәң очып китәрлек	ак пушинка
өстенә басу	не в бровь, а в глаз
өф итеп тору	нежить
пар күгәрченнәр кебек	как голубки
пәри алыштырган	чудище
пәри туе	метель; сборище ведьм
поты белән	хоть пруд пруди
поты бер тиен	грош цена
пошаманга төшү	забеспокоиться
пычак кергере	бес в ребро
пычакка пычак килү	быть на ножах
пычаксыз сую	без ножа резать
пычрак ату	облить грязью
пычракка салып таптау	втоптать в грязь
рәтен табу	утрясти
рәте-чираты юк	толку нет
рәхмәт төшкере (яугыры)	да будет благословен!
сабын күбеге очыру	пускать пыль в глаза
сабын суына утырту	обвести вокруг пальца
сагыз чәйнәү	говорить одно и то же
сай(дан) йөзү	мелко плавать
сак йоклау	сиать вполглаза (чутко спать)
сак тору	быть начеку
салам сыйрак	тонконогий, слабак
салкын кан белән	хладнокровно
салпы якка салам кыстыру	играть на слабой струнке
санап бетергесез	и не счесть
сафсата сату	плести вздор; пороть чушь
сер бирмәү	не подавать вида
сер итеп тоту	держать в секрете
сер сыя торган	нем как рыба
серкәсе су күтәрми	обидчивый
серләре килешә	закадычные друзья
син дигәндә - аяк идәндә	для милого дружка и сережку из ушка
син күр дә мин күр	тут как тут, в мгновение ока
сират күперен кичү	перейти рубикон
сөйкемле сөяк	симпатия, любимец
сөлек кебек	стройный
сөмсере коелу	расстроиться
сөт тә юк, йон да юк	ни молока, ни шерсти
сөяген юу	перемывать косточки
сөялгә басу	наступать на мозоль
стена булып тору	стоять стеной
стенага борчак сипкәндәй	как об стенку горох
стенага терәү	припереть к стенке
су кушу	заливать
су болгату	мутить воду
су кебек эчү	знать назубок
су сибеп үстергәндәй	как грибы после дождя
су урынына эчү	знать назубок
суга салу	пускать на ветер
суга (бозга) сәнәк белән язган на	воде вилами написано
суга төшеп югалган кебек	как в воду канул
суга төшкән тавык кебек	как мокрая курица
судагы балык кебек	как рыба в воде
судан коры чыгу	выйти сухим из воды
суган сату	молоть чепуху
суган суы суыру	класть зубы на полку; жить впроголодь
сугыш төтенен иснәү	понюхать пороху
сукмак суынып тормау	не зарастет тропа
сукыр бәхет	слепой случай
сукыр бер тиен дә калмау	нет ни гроша
сукыр бер тиенгә куймый	ни в грош не ставит
сукыр ышану	слепая вера
сул ягы белән торган	встал с левой ноги
сүз белән сыйлау	кормить обещаниями
сүз бер	твердое слово; уговор дороже денег
сүз боткасы	набор слов, болтовня
сүз иярә сүз	слово за слово
сүз йөртү	сплетничать
сүз көрәштерү	спорить
сүз салу	замолвить словечко
сүздән калу	потерять дар речи
сүзе үтә	к его словам прислушиваются
сүзен бирмәү	настоять на своем
сүзен сүзгә	слово в слово
сүзендә тору	сдержать слово
сүзне җилгә ташламаўу	не бросать слова на ветер
сыныкка сылтау	предлог
сырты сынса да сынатмау	не подавать вида
табан ялау	лизать пятки
табан ялтырату	засверкать пятками
табынның ямен җибәрү	испортить компанию
тавык кетәгенә кертү	обвести вокруг пальца
тавык көләр	курам насмех
тавык мие ашаган	дырявая голова
тавык тәпие	крест
тавык чүпләп бетергесез	видимо- невидимо
тавыш күтәрү	повысить голос
тавышыңны чыгарма	не смей пикнуть
тамак ерту	драть горло
тамак карлыкканчы	во всю глотку
тамак төбе белән	высокомерно
тамак чылату	промочить горло
тамак ялгап алу	перекусить
тамак ялына	за харчи
тамакка таш булып утыру	стать поперек горла
тамактан үтми	в горле застряло; не хочется есть
тамга салу	приклеивать ярлыкн
тамырына балта чабу	подрубить под корень
тамырын корыту	вырвать с корнем
таң калу	диву даваться
таң тишегеннән	ни свет ни заря
таң сызыла	заря занимается
тар карашлы	ограниченный
таракан катырырлык суык	собачий холод
тарта торгач он булыр	перемелется, мука будет
тасма (татлы) тел	сладкоречивый
тау актару	свернуть горы
таш капчык	каменный мешок; тюрьма
таш ыргыту	бросить камень
таш яуса да	вопреки всему; как пить дать
ташбака адымы белән	черепашьим шагом
ташка тамга салган	сказано - сделано
таяк ашату	накормить березовой кашей
таяк ике башлы	палка о двух концах
таяк тыгу	ставить палки в колеса
таякның авыр башы	большая часть наказания
таякның очы сиңа да тия	это и тебя касается
тәкате кору	выбиться из сил; терпение иссякло
тәлинкә тоту	подхалимничать
тәм табу	находить удовольствие
тәмле тел	златоуст
тән чымырдап китү	мороз по коже пробежал
тәртибен китереп	по всем правилам
тәртәгә тибү	заупрямиться
тәртәдән чыгу	выйти из повиновення
тәртәне бору	повернуть оглобли
тәртәсе кыска	вспыльчивый
тегермән шәп тарта	хорошнй аппетит
тегермәненә су коярга	лить воду на чью-то мельницу; сыграть на руку
тез бөгү (чүгү)	ползти на брюхе; преклонить колени
тезгеннән ычкыну	закусить удила
тезгенне каты (нык) тоту	держать крепко в руках
тезгенне кулга алу	взять бразды правления в свои руки
тел ачкычы	дар речи
тел бармый язык	не поворачивается
тел бәйләнү	лыка не вяжет; язык заплетается
тел белән тегермән тарту	молоть языком
тел бистәсе	болтун
тел озайту	дерзить (старшим)
тел очында тора	вертеться на кончике языка
тел тидермәслек	комар носа не подточит
тел тидерү	задевать
тел төбе кая бара	к чему клонит
телгә керү	иметь дурную репутацию
телгә үткен	остер на язык
телдә йөрү	у всех на устах
телдән калу	язык отнялся
телдән телгә	из уст в уста
теле телгә йокмый	говорит без запинки
телен белү	знать секрет
теленнән тартып сөйләтү	тянуть за язык
телең калмас	язык не отвалится
телеңне дә кыймылдатма	не смей даже заикнуться
телеңне йотарсың	язык проглотншь; пальчики оближешь
терсәккә терсәк	локоть в локоть
терсәкне тешләрдәй булу	раскаиваться
терсәкне тешләү	близок локоть да не укусишь
теш агарту	и не заикается
теш арасыннан гына әйтү	процедить сквозь зубы
теш кайрау	точить зубы; иметь зуб
теш камашу	набить оскомину
теш корты булды	навязло в зубах
теш үтми	не по зубам
теш ыржайту	скалить зубы
теше сирәк	не умеет держать язык за зубами
теше тешкә тими	зуб на зуб не попадает
тешен кысып кына	стиснув зубы
тешеңә тияр	не про вашу честь
тешкә тию	играть на нервах
тигез гомер итү	жить в согласни
тишек авыз	болтун
тишек бер тиен дә	ни ломаного гроша
тоз түгел, эремәссең	не растаешь, не сахар
тормышка аяк басу	вступить в жизнь
тот капчыгыңны	держи карман шире; не тут-то было
төеп тутырылган	битком набито
төймә борын	нос пуговкой
төймә генә төйми	мастер на все руки
төкереген йоту	глотать слюни
төкерекләрен чәчеп	с пеной у рта
төкереп карау	относиться наплевательски
төкереп тә бирми	(а там) хоть трава не расти
төкле аягың белән	со счастьем
төн йокылары качты	потерял сон
төн йокысы күрмәү	не сомкнуть глаз
төн пәрдәсе астында	под покровом ночи
төн тишегеннән	ни свет ни заря
төнне көнгә, көнне төнгә ялгап	от зари до зари
төннең төн буена	всю ночь напролет
төп башына утырту	оставить в дураках
төп йорт	отчий дом
төпкә җигелеп тарту	тянуть на присяжных (на пристяжных?)
төпкә китү	утонуть
төптән юан чыккан	крепкий как дуб
төс түгел	не к лицу
төсе качкан	на нем лица нет
төсен дә күрмәү	и в глаза не видать
төсне табакка куймыйлар	с лица воды не пить
төтен булып очу	как в воду кануть
төтен җибәрү	пустить дым; мутить воду
төтен тавы тоттыру	сулить золотые горы
төтене дөрес чыгға	соображает
тузан кадәр дә	ни капельки
тузга язмаган	чушь несусветная
тузга язмаганны сөйләү	молоть чепуху; пороть чушь
туйдан соң дөмбергә	после драки кулаками не машут
тукран тәүбәсе	пустая клятва
туры юлга бастыру	наставлять на путь истинный
түбәсе күккә тию	быть на седьмом небе; рот до ушей
түгәрәк өстәл	круглый стол
түшәгеңә карап аягыңны сузу	по одежде протягнвать ножки
түшәк яңарту	вторично жениться
түшәмнән алу	высосать из пальца
тын алган тавыш та чыкмау	гробовая тишина
тын алгысыз	дыхание перехватывает
тын алдыру	давать передышку
тын да алмыйча	не дыша
тыннарын да чыгармыйлар	и пикнуть не смеют
тырай тибү	бить баклуши; лодыря гонять
тырнак астына эләгү	попадаться в когти
тырнак астыннан кер эзләү	придираться к мелочам
тырнак батыру	запускать когти
тырнак белән дә чирттермәү	пылинке не давать сесть
тырнак очы кадәр дә	ни на йоту
уемда да юк	и не думал
уенга алуӯ	принять за шутку
уенга бору	обратить в шутку
уендагы телендә	что в уме, то и на языке
уеннан уймак чыгу	до добра не доведет
уҗым бозавы	мямля
уйда тоту	иметь в виду
уклау йоту	аршин проглотить
уңга-сулга карамыйча	очертя голову
уңышсызлыкка очрау	потерпеть неудачу
уптым илаһи	оптом
урам авыз	сплетник
урманга утын ташу	ехать в тулу со своим самоваром
урта кул	средней руки
уртак тел табу	найти общий язык
урын таба алмау	не находить места
урыннан алу	освободить от занимаемой должности
урыны җәннәттә булсын	царство ему небесное
урыны түрдә булу	быть на почетном месте
ут белән су арасында	меж двух огней
ут белән уйнау	играть с огнем
ут борчасы	непоседа
ут йоту	проявлять беспокойство
ут капкандай	как угорелый
ут чәчү	рвать и метать
ут чыкканмы әллә	не на пожар?
утка (утлы табага) бастыру	задавать перцу; пробирать с песком
утка керосин сибү	подлить масла в огонь
утка салу	обречь на страдания
утлар-сулар кичү	пройти огонь н воду
уттан алып, суга салу	из огня да в полымя
уч төбендәге кебек	как на ладони
үгеве үкерә	повезло, подфартило
үгезне мөгезеннән эләктерү	взять быка за рога
үз җилкәсендә тату	испытать на своей шкуре
үз итү	считать своим
үз кубызына биетү	заставить плясать под свою дудку
үз сүзендә тору	сдержать свое слово
үз туксаны туксан	стоять на своем; хоть кол на голове теши
үкчәгә басу	наступать на пятки
үлем газабы	предсмертная агония
үлем йокысы белән йоклау	спать мертвым сном
үлем тынлыгы	мертвая тишина
фэлсәфә сату	пустословить
форсат табу	использовать момент
халык җилкәсен кимерү	сидеть на шее народа
хафага төшү	забеспокоиться
хәерле кич	добрый вечер
хәерле сәгатьтә	в добрый час
хәерлегә булсын	пусть к добру
жхәер-фатиха бирү	дать благословение
хәл эчендә	при смерти
жәлгә керү	сочувствовать
жәлдән килү	быть в состоянии
хәлле-хәленчә	кто как может
хәтер калу	обижаться
хәтер өчен	ради приличия
хәтердә тоту	помнить
хәтерен күрү	угождать
хисабы юк	не счесть
хөкем йөртү	рассуждать
хөкем сөрү	царить, господствовать
хур булу	осрамиться
жур итү	осрамить
һавада асылынып калу	повиснуть в воздухе
һавадан төшкәнне көтү	ждать манну небесную
һуштан язу	лишиться памяти
чал төшү	поседеть
чапмаган да, юнмаган да	неотесанный
чәче үрә торды	волосы дыбом встали
чәчләрен йолку	рвать на себе волосы
челпәрәмә килү	разбиваться вдребезги
черем итеп алу	вздремнуть
чиләкләп кою	ливмя льет
читәнгә терәү	припереть к стенке
чүп тә түгел	ничего не стоит
чыбык очы	седьмая вода на киселе
чыгырыннан чыгу	выйти из себя
чын күңелдән	от чистого сердца
чырае качкан	на нем лица нет
шайтан алгыры	черт поберн
шайтан суы	водка
шалкан бәясе	грош цена
шәм тотып эзләсәң дә таба алмассың	днем с огнем не сыщешь
шобага салу	метать (бросить) жребий
шом салу	вызывать тревогу
ыгы-зыгы килү	суетиться
ым кагу	делать знаки
ырымын белү	знать секреты
ыштыр бит	бесстыдный
эз калу	оставить след
әзгә төшү	напасть на след
энә өстендә утыру	сидеть как на иголках
энэ түгел	найдется (не иголка)
энәсеннән җебенә кадәр	от а до я
эт баш, сыер аяк	полная неразбериха
эт белән мәче шикелле	как кошка с собакой
эт булып (ардым)	(устать) как собака
эттән алып эткә салу	ругать на чем свет стоит
этлек эшләү	подложить свинью; совершать подлость
эч бушату	отвести душу
эч пошу	скучать, хандрить
эчендәге тышында	душа нараспашку
эчкә җылы керү	отлегло от сердца
эчтә бүреләр улау	сильно проголодаться
эш баштан ашкан	дел по горло
эш зурга китү	принять скандальный оборот
эш кузгату	возбудить дело
эш ташлау	бастовать
әшкә ашыру	воплотить в жнзнь
әшкә кул бармау	руки не лежат
әшләр мөшкел	дело - табак
юкка чыгу	исчезнуть
юлга аркылы төшү	переступить дорогу
юлыңа ак җәймө	1) скатертью дорожка; 2) доброго пути
якты дөнья	белый свет
якты көн күрсәтмәү	держать в черном теле
якты күздә	засветло
якты чырай	радушие
якын да барырлык түгел	не подступиться
якын да китерми	и близко не подпускает
ярдәм кулы сузу	протянуть руку помощи
яшел елан	зеленый змий
яшен ташыдай	ловкий, проворный
яшен тизлеге белән	молниеносно
